Date,Team,Request ID,Processing hours,Completed items,Quality score
2026-01-05,North,REQ-0100,12.7,23,88.3
2026-01-20,North,REQ-0101,14.2,25,88.8
2026-01-05,Central,REQ-0110,14.7,27,87.8
2026-01-20,Central,REQ-0111,16.2,29,88.2
2026-01-05,South,REQ-0120,16.7,31,87.1
2026-01-20,South,REQ-0121,18.2,33,87.5
2026-02-05,North,REQ-0200,13.4,26,88.7
2026-02-20,North,REQ-0201,14.9,28,89.1
2026-02-05,Central,REQ-0210,15.4,30,88.1
2026-02-20,Central,REQ-0211,16.9,32,88.5
2026-02-05,South,REQ-0220,17.4,34,87.5
2026-02-20,South,REQ-0221,18.9,36,87.9
2026-03-05,North,REQ-0300,14.1,29,89.0
2026-03-20,North,REQ-0301,15.6,31,89.5
2026-03-05,Central,REQ-0310,16.1,33,88.5
2026-03-20,Central,REQ-0311,17.6,35,88.9
2026-03-05,South,REQ-0320,18.1,37,87.8
2026-03-20,South,REQ-0321,19.6,39,88.2
2026-04-05,North,REQ-0400,14.8,32,89.4
2026-04-20,North,REQ-0401,16.3,34,89.8
2026-04-05,Central,REQ-0410,16.8,36,88.8
2026-04-20,Central,REQ-0411,18.3,38,89.2
2026-04-05,South,REQ-0420,18.8,40,88.2
2026-04-20,South,REQ-0421,20.3,42,88.6
2026-05-05,North,REQ-0500,15.5,35,89.8
2026-05-20,North,REQ-0501,17.0,37,90.2
2026-05-05,Central,REQ-0510,17.5,39,89.2
2026-05-20,Central,REQ-0511,19.0,41,89.6
2026-05-05,South,REQ-0520,19.5,43,88.5
2026-05-20,South,REQ-0521,21.0,45,89.0
2026-06-05,North,REQ-0600,16.2,38,90.1
2026-06-20,North,REQ-0601,17.7,40,90.5
2026-06-05,Central,REQ-0610,18.2,42,89.5
2026-06-20,Central,REQ-0611,19.7,44,89.9
2026-06-05,South,REQ-0620,20.2,46,88.9
2026-06-20,South,REQ-0621,21.7,48,89.3
2026-07-05,North,REQ-0700,16.9,41,90.5
2026-07-20,North,REQ-0701,18.4,43,90.9
2026-07-05,Central,REQ-0710,18.9,45,89.9
2026-07-20,Central,REQ-0711,20.4,47,90.3
2026-07-05,South,REQ-0720,20.9,49,89.2
2026-07-20,South,REQ-0721,22.4,51,89.7
2026-08-05,North,REQ-0800,17.6,44,90.8
2026-08-20,North,REQ-0801,19.1,46,91.2
2026-08-05,Central,REQ-0810,19.6,48,90.2
2026-08-20,Central,REQ-0811,21.1,50,90.6
2026-08-05,South,REQ-0820,21.6,52,89.6
2026-08-20,South,REQ-0821,23.1,54,90.0
2026-09-05,North,REQ-0900,18.3,47,91.2
2026-09-20,North,REQ-0901,19.8,49,91.6
2026-09-05,Central,REQ-0910,20.3,51,90.6
2026-09-20,Central,REQ-0911,21.8,53,91.0
2026-09-05,South,REQ-0920,22.3,55,90.0
2026-09-20,South,REQ-0921,23.8,57,90.4
2026-10-05,North,REQ-1000,19.0,50,91.5
2026-10-20,North,REQ-1001,20.5,52,91.9
2026-10-05,Central,REQ-1010,21.0,54,90.9
2026-10-20,Central,REQ-1011,72,56,91.3
2026-10-05,South,REQ-1020,23.0,58,90.3
2026-10-20,South,REQ-1021,24.5,60,90.7
2026-11-05,North,REQ-1100,19.7,53,91.8
2026-11-20,North,REQ-1101,21.2,55,92.2
2026-11-05,Central,REQ-1110,21.7,57,91.2
2026-11-20,Central,REQ-1111,23.2,59,91.7
2026-11-05,South,REQ-1120,23.7,61,90.6
2026-11-20,South,REQ-1121,25.2,63,91.0
2026-12-05,North,REQ-1200,20.4,56,92.2
2026-12-20,North,REQ-1201,21.9,58,92.6
2026-12-05,Central,REQ-1210,22.4,60,91.6
2026-12-20,Central,REQ-1211,23.9,62,92.0
2026-12-05,South,REQ-1220,24.4,64,91.0
2026-12-20,South,REQ-1221,25.9,66,91.4
